{
    "6h": {
        "RMSE": 8.587162246912314,
        "MAE": 6.639102427164713
    },
    "12h": {
        "RMSE": 14.47088056554947,
        "MAE": 12.39036750793457
    },
    "24h": {
        "RMSE": 17.2221345090601,
        "MAE": 13.797763849894205
    }
}